{
  "surplus": 0.39638958863878504,
  "health": 0.21035886311957896,
  "dist": 1.745734676972377,
  "eff": 1.2421185223120967,
  "loss": 1.4453378978124864
}